product_title,purchase_count
'- 3D Painting on Glass by Jean-Pierre Weill,1
A Mysterious One,2
A moment's rest,16
Ahava,26
Air Balloon,65
Albert,1
Aleph Bet,21
Alon,1
An i in the O-cean,4
At Home in the World,2
Audrey,4
Ballerinas,4
Ballet,17
Ballet Class,58
Balloon,2
Balloon Over Paris,2
Balloon Over Paris Bridge,79
Bear,46
Beginnings,38
Bench,252
Birdcage,3
Birthday Celebration,41
Bookville,52
Boots,89
Burgundy Wine,5
Cafe D'artistes,2
Cafe Picasso,1
Caf√© des Fleurs,7
Cat,148
Cave of Machpelah,5
Child on Beach,77
City Overlook,25
City of Peace,1
Cranes in Winter,44
Dancing Cranes,7
Dancing on the Edge,1
Daydreams,16
Dove,135
Einstein,10
Elephant,72
Emet,21
Evolve,1
Fab Four,1
Feathers,153
Feel Our Feelings and Release Them,4
Fiddler,79
Fiddler on the Roof,40
Flowers on Balcony,1
Flying High With You,110
Forest Avenue,4
Friendship,33
Gift Cards,18
Giraffe Heart,25
Goat on Balcony,36
Hand-written personalization inside your painting,255
Happy Anniversary,46
Happy Penguin,16
Here's to you!,21
Herod's Mountain,2
Herodium,40
Home,89
Horodium,1
I'll Take Manhattan,2
Incline Towards Joy,3
Italian Pastel,46
Jaffa,26
Jar,192
Jazz Ensemble,29
Jerusalem,22
Jerusalem Prayer,100
Jitterbug,17
John,1
John Lennon,19
Kotel,142
Lennon,2
Limitless,11
Lone Oak Tree,72
Love,20
Marilyn Monroe,9
Mazal,23
Medical Superhero F,107
Medical superhero M,41
Men Raining,12
Mesorah,15
Milk and Honey,1
Monkey,33
Moonlight Dance,109
Moonlit Dancers,10
Mushroom,33
NY Jazz,68
Nature is a Temple,3
Nature's Song,3
New York Jazz,5
Nite Cap,18
Nose to Nose,1
Novel and Distinctive Beings,1
Open Bird Cage,1
Open Birdcage,80
Paris Morning,26
Paris Spring,4
Park,55
Penguin,69
Promenade,1
Rachel's Tomb,22
Red Riding Hood,175
Rendezvous,26
Road Runner,2
Ruth,3
Sailing,110
Seaside Serenade,11
Seated Nude,15
Shalom,45
Shape of My Heart,8
Skipping Rope,12
Small Things,396
Soar!,46
Soul Train,1
Summer Friends,7
Sweet Year,60
The Beatles,31
The Kotel,2
The Well of Being,45
The Well of Being - signed print,7
Time Flies,14
Together,95
Tree,8
Tree of Life,339
Tree of Orange Hearts,272
Tree of Purple Hearts,426
Unknown,5338
Untitled,1
Venice Autumn,91
Venice in Love,11
Water Yourself,609
Western Wall,83
Whale,144
Where is Pablo,3
Where's Pablo,1
Wildflowers,181
Window,47
Wings,6
Wonder,75
You Have What You Seek,3
Your favorite Petite 4x larger,21
Yours for the Taking,1
test,7
